-- MySQL dump 10.13  Distrib 8.0.41, for Win64 (x86_64)
--
-- Host: localhost    Database: riot
-- ------------------------------------------------------
-- Server version	8.0.41

/*!40101 SET @OLD_CHARACTER_SET_CLIENT=@@CHARACTER_SET_CLIENT */;
/*!40101 SET @OLD_CHARACTER_SET_RESULTS=@@CHARACTER_SET_RESULTS */;
/*!40101 SET @OLD_COLLATION_CONNECTION=@@COLLATION_CONNECTION */;
/*!50503 SET NAMES utf8 */;
/*!40103 SET @OLD_TIME_ZONE=@@TIME_ZONE */;
/*!40103 SET TIME_ZONE='+00:00' */;
/*!40014 SET @OLD_UNIQUE_CHECKS=@@UNIQUE_CHECKS, UNIQUE_CHECKS=0 */;
/*!40014 SET @OLD_FOREIGN_KEY_CHECKS=@@FOREIGN_KEY_CHECKS, FOREIGN_KEY_CHECKS=0 */;
/*!40101 SET @OLD_SQL_MODE=@@SQL_MODE, SQL_MODE='NO_AUTO_VALUE_ON_ZERO' */;
/*!40111 SET @OLD_SQL_NOTES=@@SQL_NOTES, SQL_NOTES=0 */;

--
-- Table structure for table `board`
--

DROP TABLE IF EXISTS `board`;
/*!40101 SET @saved_cs_client     = @@character_set_client */;
/*!50503 SET character_set_client = utf8mb4 */;
CREATE TABLE `board` (
  `BO_KEY` int NOT NULL AUTO_INCREMENT,
  `BO_NAME` varchar(100) NOT NULL,
  PRIMARY KEY (`BO_KEY`)
) ENGINE=InnoDB AUTO_INCREMENT=8 DEFAULT CHARSET=utf8mb4 COLLATE=utf8mb4_0900_ai_ci;
/*!40101 SET character_set_client = @saved_cs_client */;

--
-- Dumping data for table `board`
--

LOCK TABLES `board` WRITE;
/*!40000 ALTER TABLE `board` DISABLE KEYS */;
INSERT INTO `board` VALUES (1,'공지사항 게시판'),(2,'자유 게시판'),(3,'공략 게시판'),(4,'샘플 게시판 1'),(5,'샘플 게시판 2'),(7,'샘플 게시판 3');
/*!40000 ALTER TABLE `board` ENABLE KEYS */;
UNLOCK TABLES;

--
-- Table structure for table `comment`
--

DROP TABLE IF EXISTS `comment`;
/*!40101 SET @saved_cs_client     = @@character_set_client */;
/*!50503 SET character_set_client = utf8mb4 */;
CREATE TABLE `comment` (
  `CO_KEY` int NOT NULL AUTO_INCREMENT,
  `CO_PO_KEY` int NOT NULL,
  `CO_US_KEY` int NOT NULL,
  `CO_ORI_KEY` int NOT NULL,
  `CO_CONTENT` longtext NOT NULL,
  `CO_TIME` datetime NOT NULL DEFAULT CURRENT_TIMESTAMP,
  `CO_UPD` datetime NOT NULL DEFAULT CURRENT_TIMESTAMP ON UPDATE CURRENT_TIMESTAMP,
  `CO_ANO` int DEFAULT NULL,
  PRIMARY KEY (`CO_KEY`),
  KEY `FK_POST_TO_COMMENT_1` (`CO_PO_KEY`),
  KEY `FK_USER_TO_COMMENT_1` (`CO_US_KEY`),
  CONSTRAINT `FK_POST_TO_COMMENT_1` FOREIGN KEY (`CO_PO_KEY`) REFERENCES `post` (`PO_KEY`),
  CONSTRAINT `FK_USER_TO_COMMENT_1` FOREIGN KEY (`CO_US_KEY`) REFERENCES `user` (`US_KEY`)
) ENGINE=InnoDB DEFAULT CHARSET=utf8mb4 COLLATE=utf8mb4_0900_ai_ci;
/*!40101 SET character_set_client = @saved_cs_client */;

--
-- Dumping data for table `comment`
--

LOCK TABLES `comment` WRITE;
/*!40000 ALTER TABLE `comment` DISABLE KEYS */;
/*!40000 ALTER TABLE `comment` ENABLE KEYS */;
UNLOCK TABLES;

--
-- Table structure for table `email_verification`
--

DROP TABLE IF EXISTS `email_verification`;
/*!40101 SET @saved_cs_client     = @@character_set_client */;
/*!50503 SET character_set_client = utf8mb4 */;
CREATE TABLE `email_verification` (
  `ev_key` int NOT NULL AUTO_INCREMENT,
  `ev_email` varchar(255) NOT NULL,
  `ev_authCode` varchar(255) NOT NULL,
  `ev_created` datetime DEFAULT CURRENT_TIMESTAMP,
  `ev_verified` tinyint(1) DEFAULT '0',
  `ev_expired` tinyint(1) DEFAULT '0',
  PRIMARY KEY (`ev_key`)
) ENGINE=InnoDB AUTO_INCREMENT=30 DEFAULT CHARSET=utf8mb4 COLLATE=utf8mb4_0900_ai_ci;
/*!40101 SET character_set_client = @saved_cs_client */;

--
-- Dumping data for table `email_verification`
--

LOCK TABLES `email_verification` WRITE;
/*!40000 ALTER TABLE `email_verification` DISABLE KEYS */;
INSERT INTO `email_verification` VALUES (1,'jaewon8469@gmail.com','$2a$10$ra0f8LpVEJhfHh65BbAW2.5tddyI1lo5cwIH/RQXV81aU7169AOfS','2025-04-18 15:48:06',0,0),(2,'jaewon8469@gmail.com','$2a$10$975VuvnVGmFyuHBMkdwO3ubZeSEyTKujJ2LOwmWlxWjQQ3uPYDsZO','2025-04-18 15:48:21',0,0),(3,'jaewon8469@gmail.com','$2a$10$S62f1APuP68p9QcTjo.JYOoQfv6ToHGEaaJuXiFnGMUiMBxh0F5/S','2025-04-18 15:49:25',0,0),(4,'jaewon8469@gmail.com','$2a$10$DYCkII1lpwUn6gij/tM3F.YsGLqbsB8muLvKvKW6bfoRecYxzodzy','2025-04-18 15:51:21',0,0),(5,'jaewon8469@gmail.com','$2a$10$cbzFaJ6NHfHx.ftmNsW4cewjAwKHcefftzcjlNduI1dIYnKWoMbzC','2025-04-18 15:54:49',0,0),(6,'jaewon8469@gmail.com','$2a$10$.2Xu5thbMp2E9I84un77m.U7YwCrew07cbVE27IP8NaqWJdCJl2lm','2025-04-18 15:56:00',0,0),(7,'jaewon8469@gmail.com','$2a$10$JRHUhrXWJZ5DzhdY4uwnoe0zXGMQJBNnSnJ2dDjCAchil6LCG90Vu','2025-04-18 16:06:29',0,0),(8,'jaewon8469@gmail.com','$2a$10$NtjNtiFt9aDF5yiM0uAJ4umcLyJtVVjCzp0TnqYTi9V/VpXpXeslO','2025-04-18 16:07:47',0,0),(9,'jaewon8469@gmail.com','$2a$10$J/JMIfBTlQIWH0oQ1Kv9gOowLOviA9yMXypxCUTtilfTXyoOnkwPK','2025-04-18 16:13:35',0,0),(10,'jaewon8469@gmail.com','$2a$10$jTFwNEbFjymtZ/rT56hLB.0cSnW.W3LATPiBZmGrEYqACGMmCSZ3y','2025-04-18 16:28:17',0,0),(11,'jaewon8469@gmail.com','$2a$10$kio1/vlg6Wf8V6pGT2843.DuDjvVCDMYd/6qMsbfyJA79gygsVDOK','2025-04-18 16:30:07',0,0),(12,'123@1234','$2a$10$7KrOMZ0jm3ohfdqIpFhr7OkroK4hcwVJZtWaiOvek8MzNzxmuT4gm','2025-04-18 16:32:18',0,0),(13,'123@12345','$2a$10$9mJAqMM7XqauOpqkdEtJ4.xGgEauoNNClQDY5QjnhSbTlZOkqQsiG','2025-04-18 16:45:41',0,0),(14,'123@12345','$2a$10$2Dp3Cd8HyKVL.rfvC0n8AOeTAO4PHO3iBs.YTcHMUs90R.hhK4O7m','2025-04-18 16:48:40',0,0),(15,'123@12345','$2a$10$jej9vPyP2poAwNtTx7GNRemWk0xnKg1oYRRSVmDh/vbp7C947Smoa','2025-04-18 16:51:26',0,0),(16,'123@12345','$2a$10$8BojUDE3./Z7uZJM1S7ko.hoTPPgaPEhOwI/r.7FPKsVBdc1aHSSC','2025-04-18 16:52:30',0,0),(17,'123@12345','$2a$10$Gjd3Vc7RC/1UXJj4FPZnY.LylWnxwJxJtjrzMFv1oBm6yRegK871e','2025-04-18 16:56:41',0,0),(18,'123@12345','$2a$10$uvlUz63M5vjNjjDqnYX53.3dt/DNaPlzI3FEwblyo0zz27mj9JGxi','2025-04-18 17:00:46',0,0),(19,'123@12345','$2a$10$hgQjhktHbw8X3sQS2qtEmeMxqnd8ydkkmkDAwrDsoWtfysze5ioaG','2025-04-18 17:08:02',0,0),(20,'123@12345','$2a$10$4gh46LpJDjgp8qZ0Gx7Bg.dh7HCFU9l15gCVkd8HaHWy24.GqXjg6','2025-04-18 17:08:59',0,0),(21,'123@12345','$2a$10$v4hNRALthF8DNq27wPUryeR4eHwyIqh75HuOioxDwcPbuhv7SctQC','2025-04-18 17:09:47',0,0),(22,'123@12345','$2a$10$/Wy4tk99DlGE2pVIHtEQ9OIs3.PM8ujwnGaz0Q91QvRka/8RcuIl.','2025-04-18 17:11:24',0,0),(23,'123@12345','$2a$10$YKY/CN6sMfW11sMpA1b/CuG8CMkwR2JLHpkbN8cVN0Zn3bnT614p6','2025-04-18 17:13:56',0,0),(24,'123@12345','$2a$10$9s6DLgSrsy80sryUnRONNe4KPCi9jn2JNRuoghZi2IvAtoU9a2pTi','2025-04-18 17:14:46',0,0),(25,'123@12345','$2a$10$ghSemPcDmggC30FdDL7TV.t4Zfqb2yEhNW4CsOOP07So4fcqxroZy','2025-04-18 17:15:40',0,0),(26,'123@12345','$2a$10$k5f5u4j/vjvonWFWk2u59uM1rNLC2XGWJX.b36coLh/pcfcnFbY0a','2025-04-18 17:17:12',0,0),(27,'123@12345','$2a$10$/A.E6T9tEVAAa9Ut78bIjOEcLc2UNwxveibVAz4b3OW66NoF0/R6G','2025-04-18 17:20:15',0,0),(28,'1234@1234','$2a$10$Rrt.Qsqrp7vpIFgnaAynN.WsJwxA20AgjA3uUFHcWCyBjaVRoDdem','2025-04-18 17:55:18',0,0),(29,'1234@12345','$2a$10$NfcHp/b86mBt5/u0Gs8fSuIYbVql1Ab/V6q6fKPUqJXRndUQOie7q','2025-04-18 17:56:47',0,0);
/*!40000 ALTER TABLE `email_verification` ENABLE KEYS */;
UNLOCK TABLES;

--
-- Table structure for table `file`
--

DROP TABLE IF EXISTS `file`;
/*!40101 SET @saved_cs_client     = @@character_set_client */;
/*!50503 SET character_set_client = utf8mb4 */;
CREATE TABLE `file` (
  `fi_key` int NOT NULL AUTO_INCREMENT,
  `fi_ori_name` varchar(255) NOT NULL,
  `fi_name` varchar(255) NOT NULL,
  `fi_po_key` int NOT NULL,
  PRIMARY KEY (`fi_key`),
  KEY `FK_POST_TO_FILE_1` (`fi_po_key`),
  CONSTRAINT `FK_POST_TO_FILE_1` FOREIGN KEY (`fi_po_key`) REFERENCES `post` (`PO_KEY`)
) ENGINE=InnoDB AUTO_INCREMENT=19 DEFAULT CHARSET=utf8mb4 COLLATE=utf8mb4_0900_ai_ci;
/*!40101 SET character_set_client = @saved_cs_client */;

--
-- Dumping data for table `file`
--

LOCK TABLES `file` WRITE;
/*!40000 ALTER TABLE `file` DISABLE KEYS */;
INSERT INTO `file` VALUES (5,'pngegg.png','/2025/04/17/ce185085-94ce-4b7d-9035-01c57a3904f3_pngegg.png',7),(6,'pngegg.png','/2025/04/17/fa1854dc-ef77-4612-a1cd-0d7b2d74feca_pngegg.png',8),(7,'pngegg (1).png','/2025/04/24/4333ee51-0a20-44c2-b6f6-d6284adf3aba_pngegg (1).png',9),(8,'Fizz (1).png','/2025/04/25/1f85ff3f-09c5-44d4-a1da-6ffdd133272c_Fizz (1).png',10),(10,'Yasuo (2).png','/2025/04/25/0809fa5c-c687-4ace-a37f-9546400dfe82_Yasuo (2).png',12),(11,'Fizz (1).png','/2025/04/25/1ae5f495-cab4-4fab-bae6-b2f56e35ff9c_Fizz (1).png',12),(12,'Fizz (1).png','/2025/04/25/90f182fd-c218-44dd-870f-61f9a1cca8c1_Fizz (1).png',12),(13,'bird.jpg','/2025/04/25/e38394ec-4723-4a79-922b-329aa142960e_bird.jpg',13),(14,'마커.png','/2025/04/25/df0ae2fc-b3f2-4cbd-b34e-b20f71c838df_마커.png',13),(15,'Fizz (1).png','/2025/04/25/6bc213b2-74b3-46fa-b90e-16315c68d5d0_Fizz (1).png',15),(16,'Yasuo (1).png','/2025/04/25/b9c7628e-f51d-49e7-86cb-9f726d4be9bb_Yasuo (1).png',15),(18,'마커.png','/2025/04/25/1a2e1bc6-3b2b-49d6-9b75-c8584265efe6_마커.png',19);
/*!40000 ALTER TABLE `file` ENABLE KEYS */;
UNLOCK TABLES;

--
-- Table structure for table `granted_info`
--

DROP TABLE IF EXISTS `granted_info`;
/*!40101 SET @saved_cs_client     = @@character_set_client */;
/*!50503 SET character_set_client = utf8mb4 */;
CREATE TABLE `granted_info` (
  `GI_KEY` int NOT NULL AUTO_INCREMENT,
  `GI_US_KEY` int NOT NULL,
  `GI_SS_KEY` int NOT NULL,
  PRIMARY KEY (`GI_KEY`),
  KEY `FK_USER_TO_GRANTED_INFO_1` (`GI_US_KEY`),
  KEY `FK_SUMMONER_SEARCHED_TO_GRANTED_INFO_1` (`GI_SS_KEY`),
  CONSTRAINT `FK_SUMMONER_SEARCHED_TO_GRANTED_INFO_1` FOREIGN KEY (`GI_SS_KEY`) REFERENCES `summoner_searched` (`SS_KEY`),
  CONSTRAINT `FK_USER_TO_GRANTED_INFO_1` FOREIGN KEY (`GI_US_KEY`) REFERENCES `user` (`US_KEY`)
) ENGINE=InnoDB DEFAULT CHARSET=utf8mb4 COLLATE=utf8mb4_0900_ai_ci;
/*!40101 SET character_set_client = @saved_cs_client */;

--
-- Dumping data for table `granted_info`
--

LOCK TABLES `granted_info` WRITE;
/*!40000 ALTER TABLE `granted_info` DISABLE KEYS */;
/*!40000 ALTER TABLE `granted_info` ENABLE KEYS */;
UNLOCK TABLES;

--
-- Table structure for table `position`
--

DROP TABLE IF EXISTS `position`;
/*!40101 SET @saved_cs_client     = @@character_set_client */;
/*!50503 SET character_set_client = utf8mb4 */;
CREATE TABLE `position` (
  `PS_KEY` int NOT NULL AUTO_INCREMENT,
  `PS_PB_KEY` int NOT NULL,
  `PS_ORDER` tinyint NOT NULL,
  `PS_LINE` enum('TOP','JNG','MID','ADC','SPT') NOT NULL,
  PRIMARY KEY (`PS_KEY`),
  KEY `FK_POSITION_BOARD_TO_POSITION_1` (`PS_PB_KEY`),
  CONSTRAINT `FK_POSITION_BOARD_TO_POSITION_1` FOREIGN KEY (`PS_PB_KEY`) REFERENCES `position_board` (`PB_KEY`)
) ENGINE=InnoDB DEFAULT CHARSET=utf8mb4 COLLATE=utf8mb4_0900_ai_ci;
/*!40101 SET character_set_client = @saved_cs_client */;

--
-- Dumping data for table `position`
--

LOCK TABLES `position` WRITE;
/*!40000 ALTER TABLE `position` DISABLE KEYS */;
/*!40000 ALTER TABLE `position` ENABLE KEYS */;
UNLOCK TABLES;

--
-- Table structure for table `position_board`
--

DROP TABLE IF EXISTS `position_board`;
/*!40101 SET @saved_cs_client     = @@character_set_client */;
/*!50503 SET character_set_client = utf8mb4 */;
CREATE TABLE `position_board` (
  `PB_KEY` int NOT NULL AUTO_INCREMENT,
  `PB_US_KEY` int NOT NULL,
  `PB_STATE` tinyint NOT NULL DEFAULT '0',
  `PB_CONTENT` varchar(255) NOT NULL DEFAULT '',
  `PB_TIME` datetime NOT NULL DEFAULT CURRENT_TIMESTAMP,
  `PB_UPD` datetime NOT NULL DEFAULT CURRENT_TIMESTAMP ON UPDATE CURRENT_TIMESTAMP,
  PRIMARY KEY (`PB_KEY`),
  KEY `FK_USER_TO_POSITION_BOARD_1` (`PB_US_KEY`),
  CONSTRAINT `FK_USER_TO_POSITION_BOARD_1` FOREIGN KEY (`PB_US_KEY`) REFERENCES `user` (`US_KEY`)
) ENGINE=InnoDB DEFAULT CHARSET=utf8mb4 COLLATE=utf8mb4_0900_ai_ci;
/*!40101 SET character_set_client = @saved_cs_client */;

--
-- Dumping data for table `position_board`
--

LOCK TABLES `position_board` WRITE;
/*!40000 ALTER TABLE `position_board` DISABLE KEYS */;
/*!40000 ALTER TABLE `position_board` ENABLE KEYS */;
UNLOCK TABLES;

--
-- Table structure for table `post`
--

DROP TABLE IF EXISTS `post`;
/*!40101 SET @saved_cs_client     = @@character_set_client */;
/*!50503 SET character_set_client = utf8mb4 */;
CREATE TABLE `post` (
  `PO_KEY` int NOT NULL AUTO_INCREMENT,
  `PO_US_KEY` int NOT NULL,
  `PO_BO_KEY` int NOT NULL,
  `PO_TYPE` enum('LOL','TFT','ALL') DEFAULT NULL,
  `PO_TITLE` varchar(100) NOT NULL,
  `PO_CONTENT` longtext NOT NULL,
  `PO_TIME` datetime NOT NULL DEFAULT CURRENT_TIMESTAMP,
  `PO_UPD` datetime NOT NULL DEFAULT CURRENT_TIMESTAMP ON UPDATE CURRENT_TIMESTAMP,
  PRIMARY KEY (`PO_KEY`),
  KEY `FK_USER_TO_POST_1` (`PO_US_KEY`),
  KEY `FK_BOARD_TO_POST_1` (`PO_BO_KEY`),
  CONSTRAINT `FK_BOARD_TO_POST_1` FOREIGN KEY (`PO_BO_KEY`) REFERENCES `board` (`BO_KEY`),
  CONSTRAINT `FK_USER_TO_POST_1` FOREIGN KEY (`PO_US_KEY`) REFERENCES `user` (`US_KEY`)
) ENGINE=InnoDB AUTO_INCREMENT=20 DEFAULT CHARSET=utf8mb4 COLLATE=utf8mb4_0900_ai_ci;
/*!40101 SET character_set_client = @saved_cs_client */;

--
-- Dumping data for table `post`
--

LOCK TABLES `post` WRITE;
/*!40000 ALTER TABLE `post` DISABLE KEYS */;
INSERT INTO `post` VALUES (1,5,2,NULL,'123','<p>123</p>','2025-04-17 12:08:12','2025-04-17 12:08:12'),(2,5,3,NULL,'123','<p>123</p>','2025-04-17 12:18:59','2025-04-17 12:18:59'),(7,5,3,'LOL','공략1','공략1','2025-04-17 16:53:08','2025-04-24 17:51:00'),(8,6,1,NULL,'공지1','<p>공지 1입니다.</p>','2025-04-17 17:01:16','2025-04-17 17:01:16'),(9,5,3,'TFT','123','<p>123</p>','2025-04-24 16:45:15','2025-04-24 17:51:00'),(10,5,3,NULL,'123','<p>123</p>','2025-04-25 12:31:28','2025-04-25 12:31:28'),(11,5,2,NULL,'123','<p>123</p>','2025-04-25 12:31:55','3025-04-25 17:04:53'),(12,5,3,NULL,'이미지 본문삽입 샘플','<p>안녕하세요</p><p><br></p><p>{이미지:1}</p><p><br></p><p>안녕히가세요</p>','2025-04-25 12:57:16','2025-04-25 12:57:16'),(13,5,3,NULL,'공략 샘플1','<p>글 작성중&nbsp;</p><p><br></p><p>{이미지:1}</p><p><br></p><p><br></p><p><br></p><p>글 작성중</p><p><br></p><p><br></p><p>{이미지:2}</p><p><br></p><p><br></p><p>{이미지:1}</p>','2025-04-25 15:48:09','2025-04-25 15:48:09'),(14,5,2,NULL,'123','<p>123</p><p><br></p><p><br></p><p>{이미지:1}</p>','2025-04-25 15:49:10','3025-04-25 17:14:09'),(15,5,3,NULL,'123','<p>123</p><p><br></p><p>{이미지:1}</p><p><br></p><p><br></p><p>{이미지:2}</p>','2025-04-25 15:52:07','2025-04-25 15:52:07'),(16,5,3,NULL,'썸머노트용','<p><iframe frameborder=\"0\" src=\"//www.youtube.com/embed/M_f_pKo4S10\" width=\"640\" height=\"360\" class=\"note-video-clip\"></iframe><img src=\"data:image/png;base64,iVBORw0KGgoAAAANSUhEUgAAAHgAAAB4CAIAAAC2BqGFAAAACXBIWXMAAAsTAAALEwEAmpwYAAAgAElEQVR4nOy9f3Ac130n+Jl+043X6JlmD2c4xAgwwJEg0KDHYkjLggSLlsSVTJYdObko5WiTcuqyyibOj1PFiWrPm3Xlh88Vp1zWJatKYq/LuruyLoniXeliyZZFS6Eki6FEWQZNBSJEGNSQEKABhxhOcwaNeejXr+f+eN09PYMBSTlXtVV39y0W2NPz+sd8+vu+7/u7E4CKDpFoS4nt9fH/07+Wkv+9b+D/K/T/EqCVBPz2f++buCJdE9CRGCFAt6jhItzaSryoikqUQCLRJAC4QnAhRBsa0foeInwBIDrqCiR8AXCixPcAAFEAUACucIHOhVzhagOaZWXkR8YuM8YtywAA6NFJmNdyN9zgd7X73+SV7soLjoXLRVsA8Nt+Qt6QJCUmmX0EF1ASikY6MNLYeAZ21f2S1IQKwCApVVU1VXU557wRG9+faOzHA62+45nHABhJCkDE9tM4C3mdzT0/s6dzxtWK3BgfGV3wOvdjr3XGV+yt7m4LYp3xzuUKAN6ysRVHExAkFL/dy6ZqgqINmqQAaJLyBO+ctOXEhqnYRGpCA8A511Q1ZRhiHQ03+G1G0ugZ7HjB2ahKqUoBcE8F4LiNnvER2xtJGhce+bQBYLlZA2BqwfiG6wCYvGky+Dgf3Of4yKgx2HlMjqcBeH3mFABjR7Fz0riGsAUJJ7hztrqo6hZv2fJvL9AERIScoSSCE6sJGm1oBABokupJ3dTM6EAajqmt1ySmW5HLuaZpI+ZIY6PR2GgAcHzRg7WRNBzPEV7wpHWNaoQAMAZMZ6NBlM7sIRCOx4wkNZK6gjaAhhfw1Eg6C2C5WTMH+gNdWw/m+Pj7xvI7Bzp3mEwBuHn/3tdnTp24ELuxqwszuI0GALa6SHOjsKu4MkdLkqJNijk1QTVFTuRWz7DcYA7AiDmy6qzWnFp2MOu461udU1VVAGuO06DEHDDNAbOx0QB30Y+v3diMMQY6D5VxNxpM0BljJjuiZiSdHTFzS81a8NWAAcDcMABM7g2AXlm2o/F79+wBcOr06b179iCdifbP/igmkK5hRSMDwTnZ6mJ8f9ehPjQfUBKqiC0gGtF4GyQBJNo60WMyXdXa1FA14bqGptEkHdk2YiRTjLO6smazZnBhRbjt4F5J20+IYLaucUUlSoaaNGkp6/Wmy5iHtEYTbRhEB6AlaEtxuM/hQxHEUAflgSLhqSolCRKuli4LRLBKFFVTiEgoAJobpJDJbLuYvwQtnaAWzbQ2WlnF/OUbb5v+mWl5QPn7ZWoZ1DLsc9WsZxjjwzd4hrFruJlOyQHFXUXbWnjpzar82PI6M2kr0hJLAIjvJhI+QJAgvufzFrvKM1JA/K41BjSp0qQGgHmuw7mhagAc120rTNdoxrBaLpPCLMJaSwRTjiQ6Nxp9m6HmiJlZatSbLmu6zFSpI1oG0Q2iKyThCnedO+vcyVBLsr85YDp8PXY/Gk1y5nX4OrocgGI2U6512LaHJMp6xmC2AcC4cUT+NWIL+x/9Ev3CP8xKrPUYp29JSTi1pX67+5FkZwWEhEAzn1ESXJ55rkVTNKnZrOVw11A1Q9NanDHOqEp1jSbCRdRmTcfnakLREkRTiPBBFE34rmhzgERYF1IdrB3BADiCGYQqJAFAVVTu8+XmMgBzwFxqLAEJyc7CF9x3o9t220K7FjkKADg/czq+kjgLy1uNvOMD+Yipf2rqD7QrXI1oPgQBiZiaCYYYRwPIDxoOd+MHMs4YZzqhGRqI1A0Pri/ctoAPyL8ASaii7QOwWdNmTZs5w2nLHKBNlzk+MxQKwBFsAASASjQAcaxrrRpRdABSS5XszDxOk8T1u+ZfuVa/FhSY7dAduvOTPpwI4I5S/o43/7VYb8nRCjQfREBoEC6ID8F8Bj/RSjKqaDooANEW5kBKCME8JMJjXeEyHqz7GZqyGW97rgqVedwVTsdI8TsqYJ2tuKKZN/IW1Rcv2y5Y3rAA+JFwV4jfhsObK2vVvDFCE5S5LUqoLwR8fyChMMEBCCFEOOuF4JV6PatrlSSYD3hMJwlGDZ0xulABoC/XapwVEyZsNufUJpEVLWHuGYMHJOO6MwVwaA89c+r4Cj7e2d2lWW2l97HoXy/QUqVzhUuJpkAAcKEBQgEB4MK1eRNAJqbYEUIQKiedK3gu89zYRylGRY+pFpHDnapTzRt5Q6XVdbvq2IZKDa1r8THUtMObjtswiC6nV+f8PqdKH+W9uhZotS1PbP5WUrlaLV+sThrZxulFc8+Y3CnWGiTV+Y1THyzh76F6Dt+kGl0j/TS+Dps333aWrjdGJMRxkjhy35coM4+34YYoAyGTusLVIi4I1y6JNUmohkodzgCoRNW6L2Go6er68pA+hFCURcR8rreJ67ua0vsUaZLENxbnFqKvytVqudpHJoi1hlhraEMj0Z6pUunIAuebh14bXR1oDS6gu3ABaKFdbvNm3W1QTyOKEsEdoszZ1uwjyW+Ljqxpx0wy7kSaicOZRjocnegcDZvbVKHMZwAooBPNDvUQ3uYaNNd3NegRO/fQ4tzC6OT44txC1WkCKF/sBZotzG0+auqDpSMLi5v3XyNtCbQPV0lIcUG0hNDakvVEZB6dX69kkkaeGiI03wiSTEhzhgNwhaskwAQXCSGvo/oq90OeID5JKCJm5cvzOl4DAIMA0PDaAtQIzJAAdJq0XLchn7jruiJJDM0gCcXhjvDTClEZ4LZBNlyR1FqBb8hFyCIzP5nblSuY55rK6vr5teqIZVVse2rXrkxGp0boewrdHpTZoENye7dazQ+uVdtWMCbGS9fir+8F2m/7NEklb5IEERG7hRNcOp58+D58x+NV5hhJFQAJWY4J5rZdAK7ozDM1oaCfaNYU1fU5AALIx0gThIUXdUJj2kjqrhuwp6YZAFzX1bSr+NUartvkPK0GsltPaq1w2Tj9TnnunTIydMm2AYxYHQXZ/t4JZdjcfDbVHAJWo48kIUT7WlVJXFmPlhs9q5wkCiqFiRMKX00JnivzmdetY2kJEhmH0ZlF2ycJAkBTVOFzhJNFYg1Awh1hrULzfQ5AIu77vut2bsxQDYc73OcqUaMbbnSrnq3u9XluqYxEAcCwZUU77e+dANA4XQFg7inED1e3FfKJI9X2CH4qurqMJpGhpRD4wocvmTqS147HJVNLoSlJighVUQFoCpGzS1M6+okW+qlF+FTkZXRpWPtAN9aWoimK6vvc97miKAB835cbjttfFm+maE2ee6fc59vQZmlebGET0Nq2Ql5Z/qnDen3UO2mtABC+ID4hIEpCroQECmEeiAJdikghAIg2dzzmIK6KcQAQ4OA0SdtAWjOYx2jSQugpZiGrEgUk9oTaCRcA/BYFSII4IdaKIlJaSgol0iYkSYQQoi1cj6c0wxUuTerw4CcDJHjbByB8l7fBoCQgANgeI6qqs/r8haU5uz65LQ0gn95uMSzUO6aNu2IDyAphUgowCBdyImZKuPj/ENBxirwcflsoIV+risJ9f811U5qmEcMVDkmoos2jx9OhbgkmvdgAhrMWgLMXVqKvhrLZlVqta7BqAOAeM0Ksuc97hBghRIhQWSRa3AHiusFKzv2rc+DJ5UUAYzeMLb4aKBtDI4W+I4tGrejUyuvZ4Abei5juA3Tk6PAhXLgaNCXRe7roB0iU5XYX1qF6wjwmIdaTlHkBygBuGB6KzmYOaAB6sAZgRCp2qH0HdwgNoaEEwBU8/oyl7OZCAFCVjs0mV8JSPj9brc5erJZ25AVwcnlx3/Do/uEx47ZJABHWAKo/XMh/eBz9lqifgq4ioyVTyyVR4pjStDXXDZmaEkUTgpOECgi/7Qfy94rnHM5mRrKZTM4CsLBcAUDaiUqtNpTNAmAbouU6jDsAjJi8FjF1W/i+ZGdCiFx4XeGqigof0QopWUFVFFcIQOhJLRLQs/0slNHb9iy+0kd9Bl8HtQD0IC7ahCTEtTN1F9BKQgAiAipiapqgWpIy4SKhAEhpWt1d40BLNHSiyYgMB+MQaENNkGD99AEgpRkANIUIn9OkWsiZn/rYNADbA4DCSAHAv8yfmast33zjxM0TE8vnlhfOV6AZABrCAZAG3FZz0Pe4z6Unj4ELz9USRIhggfV97vvCJao0C4UvVChyQ7KC4vtC+GqCEF+rNJ0sNQxCT51ZtIChbebkPZOwhrIHbn7p6eMI458TvzwKBtdtS0eA2MIKIwlxLQH4PhwtfJcoGgANGkPLh2DCzWipnmHM7zJHDaLZXgsAbwsaOaC3jmRb6XSwYZr/Mn9Gbn94YrcemjAL5yvR4KyeZiwekyQ8YvBQn9EU0mr7whdbXbTackrb83J73MpG+6dvKW11kwB89z0GZ7eg7ghLmyvdcVUl8NvxlnB1orWEKzco0ZjPmc9pTDhGv1+0BekW6+aA0dhwAJRuGO25g4zZZR2MjxXGxwoS5efePAkgq6fRrdpLXx1vCzVBHN9VEyRyQ4u2gA/RDjjaYTYoVDX4mflBY6EeGB0Ldg3AbTGUJ++ZiraHPzI5cvseAEro2CID8ZC8vBYhCQEACYGrCZB+HN3mJJQekqkB2NwBEGENgCoq8zkTboR1xNQS5ThnRUDHyTL7GGCSxscKz/5gZnpkEsCZMGARYe23falZIny6a8JNSZVUanVt32FBYMVhtqHmes6/YNcW7FoBdPqW0nQ31nPPnYiPJANXD19dFWUAye5sCIK20KDBY0RNS5ep2lZ5mwNgwtWJhnYglKEk4XPmcwUJLcQ0rWjcd4F2Rw3wYKUNaoE4KGzLpK0MzWQA6DRQPwwzm3/f9fBgpDPFD+4/ffo0gGeOH59bsx/41McL2cwzr54EcP7d82fPBwbFQFJteS0CoC2EL1SA+6wVCpP477GFA2A8kWPMyQB6EnV/vdJqAjAGtHum92p5E8UCAHgMwKDXsDzbSu6hlzl7fQYAvX1/lEjCGAqaPbc+AkCBkOz80yyGAHxECj9XE5qmaPARAO3zluh4Z1SoIuHytuCxABJRCKABbcTM9+JwfqvLp9Np0zTvvGXqC8BLr50A8Inp6e8ePx4fs+/GXQBU1YuAluEbmzViF0WPdGa+SxUNAGt3rSWzF6ryb2ln/vUXTgC4+a4pbKLsZHbzzn8N9REdUncGwNuuBk1TNB+uXPqYcNVNSw1vC9cXWrc9/a+hT0xP/+5XHu7ZOT42go9i4fyyhPt6a+RteymOddelBZAAC8OJWcOoOU52MPDZR1iPWdbrL5z49QO/8o2X/za4yj3TZ597RW6vztUAjNwO5623jfdfL3eW2ZZMc2W6kh7N21z60eMrHgdXw/Q7g2iOCJg6ljWGyBeqEc3SrykkccctUy+9duLF104UP3Yo2lnIdkWdx8dGxsdGnv3BiYXzixlqSqxr6/VeiKWhJGdhm9OEmjOMmuMAWHWc2YtVAKWd+ftvKu2993Z50Nf+6JFdQ8OHv/zQ+D3TRxA849pcbfcvTDhvvc1XbQDuav/wI0kI/9pkdB8SEMSDohDmM1/zaZtSRXOF67d9BSKeVKjK39UWog0SM7q5z4kCmtSGrKwlE4XaKpLgnstYC6GMbjabFdsu5IZ+/uDdLx1/8cTMD3/+Yz8HgHl1ANbIRKEw0jp5YmVlOUN1VaWqRv/tx+586vmX58uLE8XRvZniaz/pSIaW1wpugcBM0CpvAjCTVEmomqICaLbcAiiA0vDwff/DQXojpbd+HMDNv3Z/+W8er/9wFsD0vkmasponqxoAK1P5/oz54SLz6o2flCsYagkaZPIlAIAoQvjkWnLJuw0WKH6/kXHbmrcFfGgKkeJCCmIZoBIQEmuaVGX4qs7WdgGF7WblUmPzaYOTsxZS1uGPHvwscOQHR7/0ua0GQtUoACsz9Mm7Dzz1/MsAdl8/Wms2zq4EbpO4L/sKdMf+yTv2TwJQtnfcAMXfvh9A+W8ej/YYN2SdhdXm62Xzw8XNJ4mIKEKIfw1HA74vFIW4rksJlVgzj0lNWQPRFBI9ACVB0I4ODLAGQJPaSr3Rg/LCuaXxXR2vLg/TL//i81/87Bc//+yxo4dvPyj3VFaWC4WRwtAwAN+pAeCh+fDJuw+cefs8gPGhAoAI6zjl1XSVN/NqR4m8YUf+4/fffOf+IKHUv7QiahWS7biQir99f/lvHiecOmdrAKrfn+8550orOFugQYfbV9U9rubr8IWiEJlW6gqXJqkQLm8LR7hGmJm3ZXAgqelJDUDlUqOwfUuVOaLDHz347EcPHvnnDtBxUjWqdQfFd18/dubt8+OFAKazKysZotWF28PU+TBgf8OO/OFSKUIZgHrjvjjKnUMO7XYWViXK6ZuLkqMbPyxXSO+vED7BtWl4Pbl3fvSXgUmu9CFksFVViEZ80tYEXN4WDc81k5rrC9cXSBC0RSwTNchoyWnG8JCVS+mAMFIUACEcQPmdMh0wdd0AwBk7X1nMZrO5bO5Xf/6+x5959tgPX7aSGQDcE5kUrSUJ90TGMMAF1SgALWG1Nlpsg41el7fXmLXdKrZhJvXq5VXWbAYRxiQADA+khrNG3jDyRhHA4KBRX6rT7QbNGnrWEAlGOgAET3HlxVk1P5y7dTzNUHt14YfZ/K8CAI5n85VqB9AIXL9NkLi6vLoSR0t3l4QbAPeFzVo0qUc+ECmmo+QgibIUO5Ia3BkOt2trzKQdK9a2q7reJftWa6vTt03XmmvPvXxM7jl7LhYHUQlUgvU+UycXKifCdwHUms34t6Wdw9a2zOLF6uiO/Fi+Sznz1/un5c3/5yO5W8dzt44DgGAATs1WATAvgIImXfca5HKcrh7KYh6nMXWCoUWhU+gMrfjCKB2qSmykqRqmatTWWC7V6yWQ1Go5+ibl754DBwA8d+xYnwM0Ak5i5Rwdklj7G7Fs+1YTQGnncGnnyBK71lgXgOz0TUtPvHHmL5/d/XuHc7eO77WrAE69WX3jzSpLj9Nk6BMnriveQ9XFlkBb1KBJLUg48rq+CqIBCF1oAda9eacATM1Ip7b0FTDWC/RqbTU1aNxz4MA9Lx/rj/XVKBf6TyTQEY3uyI/m35utsfrqQu7W8b2lKx11LRq0pP5Ap9X0ZLZYyA4DqNSW5y50Untc6ZYj0KAxr8XbgrQ15kPxoYDIxRMesrqZ1U2L6jSZaDEGgHkoFqwW4wAylgkACbRcRx80fCG461IpWBgDcM+tU88dO3a6XC2fK5MEarZTGISm6GsbDt9gACUCWhuJMAMEQG6bkRoovL1UJZoGIGMNAaCWxSw46xqAKuE+syd3WCStahmD7sgwtISzSowul1P+htySB0J8TeeNU3OUZQCkhJ9J63E/ihDw26Eca/efslcH2lRNCXEhO7x/Yso0sifeDnxaXLgq0aSyIQWIFCbRsb4vNuf8zVfXend1E2MMAA2F+D3T08DDr/x49vjJ2el9pel9pcaFsrvR4hu93mGaJMwTUW5UxgymiL3WumFndnxnx2VRc5yc0TWBlMFsD8qbaW75PYidK1AfoNNq2tTMlVonX3hk+wgAiTWP+fs1BFi7cKWAUAJPiACQG+woQ7V1nh1ULesqSh5jLT3E+ssP/cEf/+WjD//vjwP3T+8raQO6uxFUdbhub3kHAOb5iAFNwrDHwoXVBkkCiHwdERHjKp6j/B3F2o+W55adyWEDwMJFVg1+KPh7LGvsA7QZ0/Al3A5jI9tHlupLy/UO+ly4knPDBGqiaZoM2Um5EY2sOS6AiXyqB2g6aOixH88Yo7Qj0O+Znv7jv3wUgMR6fzGnDegOAj2B8y0DHxnTqDf6sGHWeG+JoPk7AqVIMvXksFHeqB5dDYxJKwnXB2+DtyElCIn93Uy9QBtJqik+8+yWuyY9drQGczDT8tiIdd1681LX70sEPn7fF+u+IH6bJFUAGjFSg6Ycaa8yAMWUntlhbTDHGDQA+EIwoMkcnwDAgA83AW1AZ2yjLnwAlmlmTPN/+f3fePjrjwF49L9+u/qRm+4/dGBpRQEAn0HmCnPVT7jcF8zreA5cT0BRjLQhPLF4qUnTFG0+bFp6UslQqlOqpQxipZGzCOnjb2Aee3K1vO+yUfIAoFGvp8+fWTqP4btLU+/LFrzABJ1Z68yqcrPj/FK9pR3b8FLZQdIiSlv4HnNdUOtK6p2ModTdNeNyEDbOmvmG/a4Tc87JDaLoqtIGYIbxiFYYjU4oWjpNTbPDqoZhGIYBwHEc+TEyrLUwXGQ3GgCmb94rgb7tQzfNnl18/MjLMhJmUM1hrtzg4M5GbzKtGubp+t5Pm1kEAJh5fhZJPPjn9wM48fwsgNFiIG0mwsk5u9gYEp2kMkNRXjrZJ+m0P9CO1xoMQWQ+rzU68XmDaBHQfZJmAHNAtzRDDzMQmYetKEIcMScGYy0rbQKwGw06QP7gNz798Ncfm/7QXu0Do49//9js2cX7P3b7lmcMiXtCcMHZltnMdPgqayCARz/3OAAnCQBTd5em7i4tVjsSKT8YnLw0alKr45yaWwqE20s/3rr87QpUa1SzZh6AQTTw4Hp+WzCvpSoaADWmauixPM90uo8e7TiOsY06jiOxVhIUgLvB3A2W1KjdbACQcEumfvjrj/3tF37nfuDx7x97/PvHDu6bLA5lJFMDMAZUx30PGeJ0OFwDvT6inI4MAzj5T7PyYz2JE/80+yDun7q7NHp9FsDi272JPj10576gbOCN1yuNWhDL7wVaTSgtr6UAibYAoCtEV0jLa6lJ6khpkKRGkoQlxBQAfNcAkNQBkESCxFLGVVUhbQaAKjStUWvnMBAsHVmVAlAIHUhlt1k5AA5zHOZgLfCvM07ANQD//v57v/BXj/yH//K3f/hL9z30y/e9PHv65LmV2hobzVkANOiAb2ikJ9VRtIOkbCGEQQlNQv4D1UGJvHHmdRIG2VowpegH9x5NOFRVGedUVTNElC/ar/zWXzxw1/7/9M0/ADA6mn39hVOjhZ2di3UYGoUcPT9XHmkuH/AWecpOD+nLPl2urFwrR3OPuV5LS3Zp5irAAR7meZsaRUxMq2rA49mMld1u5bYHK0ZxYjcACtXK5QFkcnkpSQ1qGNRwkypjjvxHqQbgzlumXrpl6sjMqZdnTx8o7TlQ2pM36LG3zgGQWPeQ6wkAfpgfv7n+46okIbakWBOt4g6rfNF+9IWZ8oGHvvHyV+SYY//nLIDRm/IA6NsNY3cwS85f6l+8dRWgB6kBoMUcAK7HAPDuyECEtRQWPSgbhmbodPd4oCeV589IlAFYuXwm18e6pbSPEnbHLVNHZk596VtPHijtATCay9z+fiyu2our9nguYwwYTpjL4HbnEymk13aiwxYd7l+X2Xhhxrxrf9+vJNbRx5vv2vt3f/F3ozflF9+oAhjOGs6ZGgBjd3ZxtQxg8a3etOD+QDPh6tAAaEFJoQOAewxAItm7+vUphpL7VQIgu90CsHqpPn/2HLxWeX6+OHHm4M9+Mo6yEXo8ZIsEiXU8NenOW6b+46XVL33ryT/7hyf+8JfuAzCaywBYXLWrjaox0PVseAzrvuzMlusA6HBGUTsHLv3Ro80XTjbuOjnyhQf6/pziDgvA1/7om5/5gvSbYvGN6uhN+dGb8iK0Hp0zNWT7oIzNQDPhU6IDaIUOUpmE6QhXTRB4TEdC9YmUzj0LkErIoKp5vq8oQghhDGjwcHHZvrhszy6fAeAlCIDzr59kDT5bOgWgdNNeAEPDxcx1BQAKNVBXAEAD8ziL6ar33Lp/7vzSiTfnT507nx/QAJhUL43oS9Wl1kZrYGBAuKKxaXETvoCCTDK100yN7DSLBaudM1obHAClVDPMKGdj5WKNgLIX5hZffubuj+6rXqhUL6wAaMWe1Om1jdNP/+AzX/4UgCcqxwH8wYP/bgne8ZdOA5i+ZRKA8RYmUTxzcWl+dZmt1LntiBbvA7QkSnR4LYmyzRyJMt9UACxTKaIgdLZfwLvaWK02a9VmDUArVPWeePVo4cevACjddKp0017ZgkJiDcB2bKpSa9BykwPrdmfCPvhLn3zkH5565FtPf/HT90U7DdNwN1y+wQFoSRKJDiXZv8jSPr0IwNrTlZn29ANfzQCilCezVfIv1fzOQvVCoC1EKVFRId7nf+/Rg4f33fZv9k3fvW/67v3Hn5955bVOGqrh9g8CXNNiyMPEQ9cXPX4q4QuZUCtRzg0achiAxrrTaDkbXqvavIo+FCfmMgCy9pZSnVPGYz1dpj6w+8Sb81987InPx7DWBjS+yWYhoc1C1A5zlCs1rPHNKM8/9frU4b0ARCkPIEIZABdC7ZY/R4+cBDD3T3MApu/eP333/uP/18lXXpt75bW5226ZnF8NvBTRhqRNoiNW5RBvGcDbvqysam2dIpOLOS4aLafZcgDY7OrV2Pa7nR+W8BFVOCvttmFlHLsusT4xewbAg5+69+vfevqJH7x630dvjY5SB1TucmxaDONUXqkBKKa6/C1nvv3D+adeB0Bmq60/C2OVpxaqsYKEdR6kDUUT+uiRk4UkfeWfTn7lc48+9OcPPPQ/3Xffp78I4JXX5hjtTMGKXavYAZP14WgmWpToVDUYdyTWRpI6HuNtPzNgKopmc0dWoFBFAUASYL7vc0HUoImL37RTRB0Z2WXbdjFXsHJZAJlcVmkDwOLi0uI7y47fAFB5pyIa/HTq1N4P7t3L9wLQc51oabNZMzI5QnVCdefdZnEo59SrAO69ff/Tr86cKpd3v68gZ5g+oF2ymy2vFRmiXBAABiUGJZZF6+HSOjySVcfymZt2A4BHjzx9dCZZAWB9ZOKBez4OYObZFw8P0+ePB/wRVNxwcB/xdi+y79LcE5WPHNpz2z23PXHyK5//nUeOPnPCGrIArKzYAGzGfaFWm3ZPi6cIaBYB3fOVkdRpktqb9vfQrl2BPmdZGT302GV2ZC2qS6CjkdXLterlGvH9N2bfALD3g3t7TuXUVwEYmd7ldkYAACAASURBVJyxPQ9AAr37fQVg/9OvzgD7dxf6qNKdG6bEoL2Kx8htwVUe+cyfnvjuS1OfuOPBr/1xfMA3X5mJtqWIFgJCgCgxfSbk7q/+l6darnLwE1Nf/OsHp4u/srJiDw1ZQ0OWxBqAoVHH7dcYhfmMiZauDQF5e/2aeicMUZo3gx+c35aJXLW2XV9ZWQEgmfpyG2OjI6OjI4vvLFcbwZzKm4Gq/9jfPwbg+nGWf1+x+k4ZAE0qABy7Ztg1Y0AHYGTyEdZnlgpPvzqjTe8t7syWL3QtA3wLB0tx19BwiPKJ//WbJ7770oNf/aOpn70zPubksy+9sdSVJSKx9n3AFyRJZOp/BPTrP5pf+NEjX8SDBz8x9cW/evCh330kgjhOib4tM6lCd6VGdc2oO1XGHR4W+xlJOpoqlJ2qZGoaluJYmrZ7ezG/LcB6RzaTyWTq9bpt1xnbsHLZTC4bcbSk4y8fn108I+EupDoWxH33HCzdGshKmlScUMZhzTYyAVNH8uGpV2Yu2vbBmyYk1pdbDe51UDYoyVsaAItSifLBg/tx834AS6+ceu0vvjn87z4NIA70zLMv/m+f/cIzXmehUnx0Krs8hlCf0WKVOhYogOPlvwXw+d9++JnvBRPCZivORsvZYH04WglLPy66tbxC9AHTJ4RvOLI01fGYzWwNIlA/fSrR10CJAsY5gLyV32Csub62LZ/dls8q4W0OpfTc2K6pjwT9jCb2TAD48z/9EoCy3VkMX577SYMre2/cDcCJdbhreahH1fFeoF/f8+HJZ16Zm3m7quqGqhvr9a5eekODRIrGQooCsLIZ7CpiqQLg4Ye/eejw9Fe++rXnf3Di7o9O3fPRqU/etBvAWzNnnmGIirQB+G1f6q8iTOQUrg/AJQ4ATVU1TbMZA/Dgb37lyw8/9MB/eODJ73WlHUvqkx+tQBEQjuc4nmMkDSNpwIfDQ6xFyyA6eNfsCOviYVDDYY4Ui87lBoB02Aiq/E7l7PK7ACTWB+48IP9+6U/+rPzt/xqd6tTC/KmF+b0LZ/aO7ybgpRvHN990nKY+UDzxZvnEm+WpDxTpIGXrTP61dJIZJPV1kRkMpmlhd7ByPPvs8UOHp488e/z5H5zoOdvnv/E0unuPRPqraPsy7S3uNYOsSocG4Pnvv/LckeOlD+353B9/5s//9Gs9Z+4vOhQoWlKTKMvGZ47rONxxuGOq1CB6mVUQ695YTBUKliW9QgY1AJYfHTa2mc7lxvnFjjo5Ntpxc911150SawB/+zd/9eTzR+fKZXQ3e/vw+DiA0vg4gLROjVAzkz0pG2sOAH3QHMlnXp19e/miXRy26KAOwF6tU51YOgGQGSRFyxraXSzsLhbeX3z2H4/+/mcfPnTotiNHXqkkW5Kd77ljSq/bn//GU0dn5gEoCddv+0pCkezsRmFSrwO0kgwNGVXV/I4Y+e4LjwL40p989dhLrzNmbyk6JMpS0kftFI2kYYTNEI0tGorGydiWDjfM4ohfXqqUlyoAVpYCJ8DU9G3HXnz52IsvA7j9zgMAfuHug3Nvl+feLguinloIUgtnF4I0h9L4uLPWcNYaEmvXE82wF0dtTYzkM7eWrn919m27Zg8NBnNLohynwvuLlbfKv//ZhwEcOfIKgAhlAEdnzkiUAchcQz8oh+lVzEUbJAHOuezh5/KuctIv/clX/+Of/Nbtd9587KXXnY0O23T1JkWSAlAVijDkYakGJZoOpAct07CWL54TigKgut5Z5dMqNVW6Z+eI9A0ZgwZN07RpmttMc5vJW151tVZdrQFYWqkurgQMXvcYgJv3lADsHeuYauVyBcCiXVm0K4oL22UA9ucKw7lAOdm9I1+JRWYZMLRzaP/e/QCOnwhEQeXdavHGYHwxmzHS9PCt+wFM/vLvxCH7i//0B6Xp/QBmj8889g+vLDWqTenUjrFfK7YwCiFkFSkhBB5DWHSNJFRFlRWV1GMP/dkDAJ76u6PffvZoB9poS4UKhaph0xeiiHjRVXPdNg1rcte+2cVT8XtNqxSAqV0pgySfywKortZGh4ZHh4YXV5YjuF8/PQtg8cJ5+XFieDRazUetwlI1WCRnViszq5WJXB7AmdXqSMYqZDuxqJULK5WVSmGoULguX3m3evJHs0OFPAC7xSydApAo/95//kb8rioXK7OvHS1N73/8K9+YPX6yseE0w9CBdCFEaYXxiF1UgE4UFb5ArNAkGvaVP3z0oT97YPcHi8On8suVai/QEWlEBwDCZSVhUIwFNBzbNDKl/O7Z6pn4eFOlCD2chm446w6Nha/yOzqIrK42AEi4K+uXJMoA5pcXo418rHtGj1tofjW46YvhRiGbG9o5tHJhpRLzTkRk6VQC/eyrM5995NFo/72fvPfrj34dgGTn0vR+CXTP4bKLHAlBRKg7d7leu7GO6My/lAFM3Vx68umAqa8SBQfAoiYKQMOpm0TPG1l0Sw9JEdabTyXhlkCPFUbOV5Zu3lP6rV+8/4enZ7/23x6Pj1y0O8aCldzS6jv5k/mh7VmEXs6VCysAGOOVd6tDhXzhujwgJMonlypPPHc0fuy9n7w3/nH2+AyA5qamH25b8LYvhCuFddQSFxLrbp9PlFckWezpvz967789CGC4EDB1F9BEAQgRSRWAqo4OAnyjzl27wuqWlh7grmgxltJNI8c4I75fZ3XOGVHDbkcaVZOqohA6QA3dMA0TXqc11Y7tuXzhIoAdY9kW7PnZU6U9N33qU58u7bnp2NHnH38xwGLF6++EGtZNALVWR1NeuVRz1nmuzi3LtCyTrW+4vitVKNdjBWLK6OQTz70SGTijufyBofE8ISe+88ypYzO/8ZcPAZh/Z+WVfwn8nGsS7gGVEA1CKL7wRVDM4CeIr/AAcb9TxMkB6gGArwhfIY7gAKpNZ/aFk9iBbJ6efYf1At1BPGloyYy70ec3O6y3GsXhzLiijI5odOyGxfNnAdz+0UPln3ztyW89tqe0d09pr10+WzpXBDAbJkQPDVoIXaaSsrqZGzRX1xvzl5YApKlpUrOx6WbMvBn8DcGdGB5643wZwGgY0zl1bOaNfz5500f2AXjpux1mXwuZmvN1ITgA3+dodwkwJaHI/rNiSy8hAOTTxuxytbQjD2C4kF2u1DpAxxPIJWkDGR5ibbtBFmzS64wyQl523FYmls1l23anvXuLUZ3SQQrAWXNHx24YHRsfGxv/hU99+slvPfbEP3xz8gN7Z8tlhChLiAtGpmBkLEqfWej4dwDkBs3c4J7qWmPZXgJgUhPA5pS+RrWR2W4CeOq1mfnlQBYtrlZHc3mJL4Bf/dyvA3jpmaMvPXMUgCtc2T1BfutHunOCoC1k764I5b7gCt93XVcN7Zlq01l6t9Ps6iqOf8O83mm8zb2O3HRYE4BB050xKpUcHTGgnqIA6vV6JpMBIFHWB/XRbCdOuKe0F8CT33ps7s03qmsdzu2hoZS1smYDqLUatVZjd3YEEl+rU25k241iMfjYqDaaF5uTd03Cw1OvdR6SZOcDk0HZ96f/5wfQzc6ygU0c6y4KsX5PtPxubfi6QMvs6NFKQtEGTEU1iWoSzaSgSKpIqvC4vfpGdHAxxrkttsY8TpNqhqasEHo9Scy0lc9n8vkMgKEdw1QPkhmtHRkjExiHZjYD4OiTj5ffml1dc2q2U7NloKBj3N++fx+A2dNzAAoxbaQwMgygfG4ZgDWUATA6NARg8cdzAPbdNbX/rqlff/APAdw2Pgmg4TQA3FraDaC+Vgfwla//NYAn/+bRb7zw8slziwDYBovF6STWAiBKWJ9CEgQaQWQ9y90EAERolBMCLQxlibbg3DGo7rBW1Y61nu9p/ABZuuJxUCN/3b7quyflbsdrGclrksiSWNj7X2JtbC8AcC4F2lhxslR+azaXMQBkLaNmO0ZbG94ZMH5pz2Rpz57Z06cf/29P3nbw4PTBg8ePHn3l6FEAxV0jxV0jAFbtQEwvhhVwv/6FB2deCCyX2loDgDSXnnjhOICDH5686UP7AJx6fWamfF6ivIn6CGDRFmTLXNE+g+WGwwLjsLugM5aw2wGaOdBI/rp9TrPiNFeqzDaSLE+7UiNanks9ITt/tjyxOQtawm0hOMrYXgBYeW62PDcLYLXuAMhljFzGWHX4yM6ufI/Snj33/yJuvvPg9L8J3KcJ1wEgxcUk6PlKZXEleHL77poCsP+uKQDZVBrdNPWBiQjlUz+amemPcn/qZcR+FEQJIicU4DBmUIrNMlrKjeBDUkNSQxgEyg/vdxoV593jjseqrG4kqRKr2ZKJszL/vhrmmkjpwVoOjTI3LlWM7QVje4HVy8VQYuJsYLms1h1o2tKFwB6p1uqzp+dKeyYBHD/apQvHaSwsNVxc6ahJ2VQ6mzKzKROAmgCAkXx2JB9YT6d+NPPGj052sfPVYBRtAWyZ9SQhjr6OtwJ1WI9658NvN4hmKantABi2AVB1i8OGVwcg1uva9kI+/ytr505we9n1oIeHb3i+DsY8iECCM+Exl7HWGhtQZHtvnfFmve7U62evH9Btx7beVwQwOV3IFyeNY1Z1ebG6vJhLGcwD1cPW6y0GYH52bvqugwDOvTlXqVQSwA3jE9Fd5yemFuZOZgrFS5ftPSn9el23kjqAb3ztr04dP/bG8WMAMhnJOjydVnKCAZgpL5XrDQCOG9R8kLbfWe6i/KbuFxYpwiWR/0hKZ2m9Ch4JblchQggkFCFc30M7NG+3aJmZGmNrNgD5GhENbbHBhMtaqxWFqqldU6695NrLsHvbtXPGVEoB1OrRmta2zEBi2KtVK5eX/nuR7Czu+ZGxaLuxFshcth6oItkdeQCVSqWyUqmsrAAQrgNgYmJi98TuwuR+AAtzJ3vuZO9HAh+sxBpA1kzntnWk2slzy70Fv3HVogO6BuGi7SPRP1Gkh4Rw5d9IQeRedwJNjx5tZHe567Z8hwjCjjfCZW4IbmrXlFKb55ervNEVV+SMIYY1UWGZmXqjnjEzAOzQTcERsEptZdl1GgDyw6PV5UV9UAfQWu+qUjn+wtE6YwAKQ0OVlZX5+XkA8/Pz8xPzo3NlAGff6gX61D+/LDdumr79tR8eA5ANUZ4pL508twyAd+vOXSRBv5bXSIGQ3pytPrSlHq0NZrTBzNpqGYDYYGSAamZGbLRUGtyWay+Z2/LatjwA93I103Zc1nLsPnFJu1EPsKYFhHxdW+mdDdXQtVRfrUuhEdHEB0q5WJXg4EDAXPPz83GIJz/a6SVzKmRkABPvG65dbgBYvdx4u7J68tyyBBph99Re6rvutf2t2q5F6VqiLUjI1D3UBTRjgCqIxuExj1AtZVFC+ZotCAQADyCUDOjCdQV3BefOWiufM0uTI0DREGuLZ5drZ5cBtMIc56WLNiGEQJW1Vs3Lq4ZuGoPmht2QzlzhMfnPdd10ylxfdxrrTZrSaUqnVE143DDTxjbT2BYkycnwWH3FsXJDmVzhwN33UlqoVhaqKwsAFG4DmHt5BsD8ymImLCeoc99VSJX7AHTBl+q2nB8cXO3IA72zHsZ7vQWrmhzni1CASAOQAASCeErwkggQF61gHnS3q9uUqdRcpumO0aWlLABQFd7sMCDRNKJprrMm2ry62jj68ul8zpyasEZvGAaweLaLVaUOi25/qaQI5fhOStXobzJ8VZPEN9pQFWKvrgDI7OjfRHR1eYlxXnccqvYy7JkL7yE/DW3RVx0hRENCRKoGiXE6UajwmO/12rr98jqaS9QMsNbSGS2dcS/VAMSxBqAZqYhzq6uNY+fmb//YLQcOTZ1fWKqcOAWgtrzSfeJO2bAxaLrM7oGYcxcApapOwyYsrkAIrtPolBxboZVYv1ghSae6slBdOQvAZQzA6vISAJmy33MDLmuduVCbD7GW7EwUCP+a3oMFQAhOyFaJyiCEyNmgJGkP1jHLEJ1iMNZYQqoYsDOgmSOaObK29CpvLrvOGlE1WQacz5kAqqsBux37/muLZ5cPHJoy2+RMzM/QYepCwNTOekNROpqm67qc98q1FnOT4VoUR/mqVFtezg4Pb97vstZ6vyWkP0W+pCsUbkq1mRDIlBpCAJCkDkDykBvrCx7TOhJCZkEoXhNuk63OCH4hNXorANUCAC03mkyarYu28EN/u+pCI3pGgPtSHT11trbw5Ol7pkfu/M37nj0ye/ZsdWjhFQDt60cuuOuqvdZWlLUNJ7PdhBd7UaMrACLrCghIwqPCc4VHeMgULdbKxFokyHpmp1nLZHSRsBuXl+UeO2UByOhmaiClG0ZtYckBzO2mcylcM+pr87WabJmoJIjWDpThwOqLWvOSYD8IRLuj/5C4AIjK7T24hABCJNCjpfjwhRBynez1dcStcH552b28pG0LxAixMsTKtJNVVgllCJeNQQk0oiF8y8CafeT79sLZ/OFDpYWFat1sLs4Ehp9dbwKwtpv1S42MGQDXcBqCu2HRiqFTzWUOAN/j8nfL4PfwDSUAjUuVZr0jkRqXGyLWlKS8UgFwcN/+ciWwyBv1JmJSYWm1xryWkiB+W2hEgy86urOibG339ZIQLkGonCgEvkDbR9tHW4i2iIvEKMa4RU8lt0EwBMBZPIFRKGhLlAFQXwXQwVqSRjSl4/3w1+yzZ6vPHpk9fKhES/efn5ndjLX0qAFoOA2+3uu/92UWa8qsriwByA+NmNuDdc/cXmjYve9asjKW3TGRUF6pRMH9Rr2ZyVAASxdXl1drSMJvCzV6V0uPJkcI4i79K7v3fY6EAiGw6Q2bkYAW4RlioqMtSI+vAwDgLJ7Q3ncQgARav25Ev26k9e4Se3cZ9bOSnaPBWjrjNoN5KrH++Z/78Nj+wKcxFjeuPH2putRcbyB01FJqUGoo4R3RlCWLN4yU6aw1lhZmAJjbC+b2gmmicbkBwNxm1hu9YaBypVIcKszZFXO7KTla0lK4VCh9nfe+38XRPYh3docrYYIEclwajdED26JNWccfrUIl1FBTeTWVB+An86puAuCtBqUZdaioDRW1QlEmDLLVFgA7ljZJ1zrlBcKrAuAXFwCAZj79qVv2lkZOzS4ZrY5qZW7w6vla9XwNAJU12joFIN8cR3XDyuZrK4sLPzkzfuPuhZ+cMc2AB4tjo9nh3dF52Fq1diEIgDUaYvb8IoAv/uqvPHpypnW5wS432OWmDGt1BWtUDUC40BFAIBFzgsr3eEknXOwlJ0QjUQP94JcmFEhtTw5IKKLtC7clOPM5Yx6TqSC+729pGaphewJVN9EGXykD0ArFCGUA+ZvyzgXHueAAwNAE1mpY60Cp7hgHwJu1x7712qk3l/d+INAEFuYWAYzEsnus7ZY+qEuzm+oG1Q0aFg+cDbOWyuc7njbH4aMTpbGJEoDV5XIEdJwkytHHylqM8XvZ+Sqtp6Tbs8dNKhIKkalMCUIAIhFPELFJjEi6UigrlRtx1xtuKED5Snnt5FF6413yI83p+k5q7DSqb1QDrFNZpLJYq8l3rcbpjTeXAUxfT8cnx8YnxxbmzrP5FQD5sSwA1mLSxaEP6lQzALB1hw4a4zfuPvK9p88uzEt3XYQ1uxQ8zrGJUm5nsbaz2IP17Lnz8Y+VtXoHaIV0L3oEcLfUortRU7r9SpKd/fCxySch+vUSwVZOJS2VJ4MmAG3QBDpvBuYrZVvsozlKc7EUmZvyzgWnUQ2nWCpnjIy51QVe7TQIAvDGm8vNU5WFucXDv3BgfHIMBbN6rialB83Qeq2eyfaps7xhfOLswvzZhXkrG8yw8vnFQmlycX52cX4WP3v/2PWd7s+z4ZOYPb8YZ2cAMvAIxJRfIfvsx2y/uBl4DR0hAXCiIWTnK1N3zJCYNJ2n6bxu5pVUnqQCP04j/navNdCdRbqzqO8sZj6ot2qOnjUAtBotO3xX7qDuAvDrDgBemXXeivohBmvxxM8e+uOfGwdw4vWFE68vDFdrACZvuQFAI9bTRINeLi8cffEIwrucsysAaJIWc/liLl/ckc+MFwGsXqzVVmvy9WKHbyktLFeXL9bzuTyA6mp1qV6bWy0DSGsGD6u1AgES4Rm1glcIYvqZ6yu+7wNQFEUb1GQgHFEbcql6x9835zGXOVJrYqwlBBOC+T7r1aNZs0rTXZEkks5TOGytIw3YhTIAfWcRgEQZgG7qAOxlm6YpMVWy3QAgLjmaNWFMTjhz8zG4Mf+dI49UFh78zOGpm8enbh4//eyrc6+dnXvtLIDh98cq2AEAxV03lM+dbbgtAGmVNjkDUA7drdV+b75bWK7qmuqsB31YNqd7BRSh3O5+vVyM/NibXCKUw8/X5KGW1NfXUQWgAxFH01QegMSa7iyyC2V2ody6UKbXjUVAI8SaNWLq+nZDz+8GYEzudubOiDdP1ubPyq9O/Ojsr/z7v5760A0Pfubwfb97+PRrC3OvLQAon+5o6Ix3ththBmlapbKfkcS6sKn1ycJyhyecdSf+Zvim69Ck2VkMOw2gruKAVhRF07Q+vAyAXNFMDynG0eE1AqDNvFirSqz1GI/TfBEAu1C23ziaMD6BifxmrN1LVQCSqSMyJncPFXfW5hfmv3Mkvv/E6wuT4zfvuWV8zy3jAI6/cHL1nXptqV5bsgGUzy2Uz51FmErZ2LqVUkRHXpsFUByyAPThaOmQi5ITJcqJLXzQgNLNth0FXEp5QkBIT19A2e/I97qmWkyPVlQy2PFkWjv30WwBgJ4tDOYnAPCmw5tOCwbdnmWXaqxeA+jIx6bM8REANAUAbr2lZfRqteE0HMM0jG1GwwmCcnSA6NkUALdSd35ctl9+EkD6+gnz+om9+vLH75r8+F17ELS9w7Mvzh55cVacmwHw/HefA4BYx7e6t4awyexQ6PlqbLR4ItEIk3isQZoZoJkBWt9gc/WKdIYoikIGNTVJAWhJPVJyJaIAoGkQAv3EkTpoxXPwNcUAIOTSGmsz6G44YsMB4LsO81rSD+x7rBdoVb6kijs0OUSzBZotREBLrBtN0O1ZfXuuvnCG1R0AEmsaf08Lpc5lp/pOFYBV6MT8icsBaIUMAHquvvT808235wEg7Pb48bsm757effjOksT6mf/jmyHKXUC34NrMQRCDJ+mwCy9XEiNpC8BS00YSlkYzAxRABDQANUWvBLQEbhPQikqJGjaGVwwAWoiyIIR4wQsCJdAAxIZzdaAl1r6rALAm9gPQt00OXpfXTMNtOA6j7FJNYu1cutA4uyyxzv9M7EV/lAJwLjvOZcfxBdWUjKkBcJudiW9uAEDj7TPLz38H8baaHjt0R+nQnaXDd5YYw3Pfee657zz3/HefiwONZPzlhASAxFqn+ohpATi9uhIBXd9gi/YF+U4+3/dBMUgt2eFFAi1P6UuUpUDYBLQ6aBGNxiW4BFpirXmdZVUAYsO5OtAALKsIAAMWq1UCpt42qaYNYzgvgQYgsU7dUGicXZJYF++ZzuwL4x2xtLF6bdVu8gDr0NXpVuoR0ACWX30+DrT8/9AdpS997v5o919/+dGj3ztaXigjJjoQC/qZA5QnEiOm1dhgcY6+AtAR1r7vQ1VD72gv0CE7U0QpWr4bAU1E19turg40TVIkMwAGrWGNmiShAhCtprZ9mO4YBWAOF83h4uVaw28FC702PGSMZqrHys6iDbTyt5SMkTwAq9QxPVqkzRqMSV4O8TcNShKsdVmwy4I1fPLOaQDOuRUArN7J3ac6Dt1ROnRHSQoTAE8fef3p77/+9N89Eo1hq7E3PaVH5Zt1GhsO0QRNUj2pt7zWyuUVINQxklBVqqpU03R4cMM8cyTUgJ2jQtlAR/YBqIN5onUn2McT0eO6Sgxcxq4ItErThjWiDWYBiFZDtJrm7tsioFtgbs2VWHNBjVErxLoCwBjOG8N5ayJrXB+uqxkKoNVosQZjMZ0hE8r01mXhv1t1zlUk1kK+JM+pSaAlHbqjdPDW8XsP3Rwd/vTTz/7Gb/x+D9Cqlo1eYRQBXVmrBAmM0vBLQlWpYWQACFd0OoD2AC2JELS5ohpENa4ENEKvNADffQ9Aq9RMbS9KK9ytLQlimMNFibU6XBDrQrSE3/K5oADytxcBVF9acJarEmtrLG9cH2Kd6YgR4rSWqoH1SIUAoG8jAMDglCvOuUoEdDDe77io6hdXANz7sZvv/djNccT/x1+8/9vfDvRFBpoO4ZBAA7CZ3ZUpmgSAwUFL03ThCtEW/Tk6BFpJagA6QHvhSSKgezJ63xPQAMxMUcsG61vLriPk6DbNallNYr2xpjmLdv72XcZoBoxWT8xKrK1CAYBRzObv3t0ibT0MpkiBslStA3BDU1vfRqRl7pQrABo/tp3qGe7UVCO7GeiAVo/fe++he+89dO+9h7G2AuAf//HZX/u1zzJQABJrCTTzGPPYZqADpvYg/JCpNwNNCAhREoSo8oRbcLT0ikRYXxPQoErSIEmDJA0kdWP7sHQqtVVVWjHWcEnL5Y18sOi5K9y3HcUytF35zAeLTrlafXEW6Mhi60O7jLGs+f4g4ysTpjg3lhtiHQDsVQeAQoL569QcOA223GDLTQCsWaGWBYDZ9qAeeMX8pl2vV9hlG4A1uuvAvrGv/+WD8qsHf/OzTz8VcLcm6yFlD4WY/RvvM6tqGREadX5gJQog0IsVRZWvxkaCBOVSsfMQ4crXeYsgJSF6kq5wWeiPbgnPFR73Pd6tdShGHGhVT6eyIxJoauZZo8qaVaMwaeQLEmvBNGE7AIhl6CN5o5gPsKagBQsAq9jpD+wwd48CMN8/lunkkqNdFxJl+/+u7Xp+2ziu8Mcd7mqoEbfLSF6YJiWbcVpVtVCggh0DhS0UbQM7QNwABQr00GNR9FQEPeQv6CmX+mg06KFnn1yjrYNc2tiokSaogUZFIMGoUpUSmRXlXZOa7GiXs+xh9seQopS0aN9pIXEXy49v3vx43/tej4d6cpr3ASisxaADwLlwGflXTAAAB+BJREFUQQSBcVTE4gQCgL+zLZ4HaoXzq1/+7NbNq7SM+/ce/OTHPwewdmElV084BWh1IUca0FKqQ6IU6FSYPNurlPNC5YiUSJQcV9qdDvRkKmvCos/6ViYDTW0XAM+GcO7XBUTbHmu5Llaj+FDspdgNNncGmzvV5SUAZLFmZ73Na2fSkegssINnFpQ7A4n2Y1AxI4JABAF1HBkKAFJLXNWWWuFzP/C6t25cBXD/wfs/eO3qrddvdl6/ef/egzu/eDuXBPlcIyUkE9FZz1opniOxih+sDMjj1cvT2TbKJo9JAaROTRcAKKdWHl2xXQD9oMP3u+zMWebWzWQBgIoec6updgBrueLQBxDu+WIvEPuFJzpX1uxGtflyE4BTpgD8fQ5AlIrQMcgawoa7fTyTIu8ibR4BkH1f9v1Ek5e4/GKR4aThNoBb37tx/7fvPHn4V+/5gfuleQAbna0oitQO0HGcb39nrfVi/ddv/w7lWk4Ji0cF88goUYUyIVa6dtaKLRXcREbHgM4GxekenYwSARiGiSSyYClF8Zj3wYRlzSYDH5aNvDbC73K/y+yzFqujDByG8Ue+vdiwF5vo+VWHkDnbWahFbjvoUJ6lFruP/9wFovZqbdGl31gBUKkyAMTrA2CMYMEhjXne57zPOaW8HOUVLYQKAOIQcGqG8JNsS/3o7z5j1HVrnIeOUW1/snP3929d/da1+3/5k/rAypfXMKSWQRV97sYr12+/9dM33rwDVFBGjHTvbJRMlM0kScyySQhJOXeGTHuslAkgs2yA6lB5PDNwWq5goujeMVRvemuOWum5MGU1u34RAJs/D4A2W/xZRxWhRP0OAIvVATC3mQINmE6W3ZmzgZB3fN4NeDdAWQZtD4DTdF9av+xmg8DknPOsJqccs0w+3vtHz9s68LYOAJC5FFneC0yEMgO6FPmcCwCu66xeTJc37e1/Oqa4+eorAB784d17d+9eW798bf3y9fUrX2vRN9688867HwIApUWOZQTDMDK2kZnmtomFknaSNJJQQpbDSIdV6cBblgVARgLAaZOhAhrpJFAADYDVXDa/pLCmzRaAFGuJiGeyvea5arOhsDbKnGTaGmQujXTek22eJfyDtkfL1L3Uci+13NWWAwHA8yLGiMjaJTCboQxvqwfA2zo42CvOpuVhMXlafA+AwrpR7bc/2dlVBRPDAMCNV78LYGV5/vr6FQAP3/vg9u3fFN/XpHlxlVEyUtkCAIaJJIZhwiAoV4q6iZziNYxUJZbix6gDk/8SaAwpnc0mpkSw+SU2v8Tmz8tZmldW8f0OAO49AVBx1gBUm43mN69CdAAYczaAWKs8jYKB8mgAopvm9NxLrcbLa60WVU6tgOZqlR0V9x58OuD7Pu8FCmgpQkIrOdDKHMMD8P4fH+VAK7u8dhHAo/c+BED17jsZWxUEWcRAATSAkoGS/nlgGGEYA4i0c2o9C2MakLEAcCrQoOrojhArJdwBIJSWIgC02qzYzdnzDQD2uWUAQnT8pxvC9wCIoMMWGmyhyc40a5m8LgBUiufTcp17T7n3FACPLcn7kvcTPnAuLtaXl+tfVVp0xa2+VuiZyznyT7f7/TDqpmSlBOleXoZ+LsLj72xEB91Y8DirdPrhj76/+vUVAB9/8Pjh442dtgdtqUepMba709Pk2vuoV5BRSKwKtAl5zHKO0jCKBf98XgekAKGQAlJgZhaAGLQBDPcO7XPL/b1NhTV9wQWgsOa9Xd7bZb02735kL6UcF6K1SpYzHABzX+Jagtxg1c7mFoDO5mZ9eZlok0yYFIm8CYU162xTHvbj7q4kxUlb+LxIYlmUWZRFgiu4N/72MQCFNYClprvT1rKgIoEhaKbaq1MGpJYpy69lFB6TwE2NGKkSkRyO8WMngY5jbposJfEpS4QY+LTaACAGbREV7ychANAXXAW0Mt7blVl3G3tpmXcKxoWcndI+MuEDAAprAFap+AIjTb5NzwxKOasujLmq0rKVwk9EAIMJDWtFljQpU0ArrJea7gTKlBqUkhKc8IiLIw7A0H5svd/K+Dr7hDUGSXAMZUyuOvJdosmInrfJ5M9otYGZ9O/V+leIBkQ86PFM9lTbfKFyttjX0GpxfBpFaeYl4YNwWHhQpVwMSdXYOjXdJYbFriaKQwCJCACEAw5AYW0MkzxuxCc0JaOUOo5ZoQSA/1yKIy4ijnFExgLEyY0hclOiViphmM+TSZKMqYQZMIFMZ6Vc+HRRuEEsw7QAWGqUWSa10+NQoXOuRKC6AFkzFZgzlGV4jY0fbZIRBdBCJ8obMn/+uH7Y9BrpXG864r41KgGIjnh8xIlWEWQ7ikLvumfc7X9te10PAD/kpmmeLlIvpSQntCDT8ZG6wEqSLtOTCTk2I7smIDrvGCVCiJlWFZTSuGnOMNXujVbnkY3T1DLx0vhIEM296Zy2v9ZR1wJwlJEK47BPaDGq6Fi98fSpJcoUUGIemHmT3COO0QhZVUQ8+gwK6AWXCw6AH3J+yKOjKE9rTUVcSnkirUCfSLWwQ0aJzILeFN07JeY4RijRHpQksZkdGMZqoFXnMRGVNAZmrOkk04oOtD7LFEslfccVx1pFxRDUzm+fTiSUQ50WHGt/L95NqcgoY1o/AaU4qmcRp9h/CDRGxbpvusDg/9LGYqv+Dz36TenV8oXv1e2E53yhZ/5/7d8/r1GrIq6rZQAAAABJRU5ErkJggg==\" data-filename=\"Yasuo (2) (1).png\" style=\"width: 120px;\"><br></p>','2025-04-25 16:56:28','2025-04-25 16:56:28'),(17,5,2,NULL,'123123123','<p>123123</p>','2025-04-25 18:43:37','2025-04-25 18:43:37'),(18,5,2,NULL,'테스트입니다','<p>테스트입니다</p>','2025-04-25 18:43:51','2025-04-25 18:43:51'),(19,6,2,NULL,'자유1','<p>이이ㅣ이이이이이이</p><p>{이미지:1}</p><p><br></p><p>{이미지:2}</p>','2025-04-25 19:59:10','2025-04-25 19:59:21');
/*!40000 ALTER TABLE `post` ENABLE KEYS */;
UNLOCK TABLES;

--
-- Table structure for table `recommended`
--

DROP TABLE IF EXISTS `recommended`;
/*!40101 SET @saved_cs_client     = @@character_set_client */;
/*!50503 SET character_set_client = utf8mb4 */;
CREATE TABLE `recommended` (
  `REC_KEY` int NOT NULL AUTO_INCREMENT,
  `REC_PO_KEY` int NOT NULL,
  `REC_US_KEY` int NOT NULL,
  `REC_STATE` tinyint NOT NULL DEFAULT '0',
  PRIMARY KEY (`REC_KEY`),
  KEY `FK_POST_TO_RECOMMENDED_1` (`REC_PO_KEY`),
  KEY `FK_USER_TO_RECOMMENDED_1` (`REC_US_KEY`),
  CONSTRAINT `FK_POST_TO_RECOMMENDED_1` FOREIGN KEY (`REC_PO_KEY`) REFERENCES `post` (`PO_KEY`),
  CONSTRAINT `FK_USER_TO_RECOMMENDED_1` FOREIGN KEY (`REC_US_KEY`) REFERENCES `user` (`US_KEY`)
) ENGINE=InnoDB DEFAULT CHARSET=utf8mb4 COLLATE=utf8mb4_0900_ai_ci;
/*!40101 SET character_set_client = @saved_cs_client */;

--
-- Dumping data for table `recommended`
--

LOCK TABLES `recommended` WRITE;
/*!40000 ALTER TABLE `recommended` DISABLE KEYS */;
/*!40000 ALTER TABLE `recommended` ENABLE KEYS */;
UNLOCK TABLES;

--
-- Table structure for table `summoner_searched`
--

DROP TABLE IF EXISTS `summoner_searched`;
/*!40101 SET @saved_cs_client     = @@character_set_client */;
/*!50503 SET character_set_client = utf8mb4 */;
CREATE TABLE `summoner_searched` (
  `SS_KEY` int NOT NULL AUTO_INCREMENT,
  `SS_SMMNR` varchar(255) NOT NULL,
  `SS_TAG` varchar(255) NOT NULL,
  `SS_PUUID` varchar(255) NOT NULL,
  `SS_LEVEL` int NOT NULL,
  `SS_UPD` datetime DEFAULT CURRENT_TIMESTAMP ON UPDATE CURRENT_TIMESTAMP,
  PRIMARY KEY (`SS_KEY`)
) ENGINE=InnoDB DEFAULT CHARSET=utf8mb4 COLLATE=utf8mb4_0900_ai_ci;
/*!40101 SET character_set_client = @saved_cs_client */;

--
-- Dumping data for table `summoner_searched`
--

LOCK TABLES `summoner_searched` WRITE;
/*!40000 ALTER TABLE `summoner_searched` DISABLE KEYS */;
/*!40000 ALTER TABLE `summoner_searched` ENABLE KEYS */;
UNLOCK TABLES;

--
-- Table structure for table `user`
--

DROP TABLE IF EXISTS `user`;
/*!40101 SET @saved_cs_client     = @@character_set_client */;
/*!50503 SET character_set_client = utf8mb4 */;
CREATE TABLE `user` (
  `US_KEY` int NOT NULL AUTO_INCREMENT,
  `US_ID` varchar(255) NOT NULL,
  `US_PW` varchar(255) NOT NULL,
  `US_NAME` varchar(255) NOT NULL,
  `US_EMAIL` varchar(255) NOT NULL,
  `US_CREATE` datetime DEFAULT CURRENT_TIMESTAMP,
  `US_AUTHORITY` varchar(5) NOT NULL DEFAULT 'USER',
  `US_COOKIE` varchar(255) DEFAULT NULL,
  `US_LIMIT` datetime DEFAULT NULL,
  PRIMARY KEY (`US_KEY`)
) ENGINE=InnoDB AUTO_INCREMENT=10 DEFAULT CHARSET=utf8mb4 COLLATE=utf8mb4_0900_ai_ci;
/*!40101 SET character_set_client = @saved_cs_client */;

--
-- Dumping data for table `user`
--

LOCK TABLES `user` WRITE;
/*!40000 ALTER TABLE `user` DISABLE KEYS */;
INSERT INTO `user` VALUES (1,'123456','123123123','123','123@123','2025-04-16 10:34:59','USER','92CF95C248D7422AF2AF2F35C1354D68','2025-04-23 14:54:06'),(2,'1234567','12345678','123456','123@123','2025-04-16 11:04:29','USER',NULL,NULL),(3,'sample123','12345678','익명_eb489176-069a-412c-9ad9-b9999734c2cb','123@123','2025-04-16 11:43:42','USER',NULL,NULL),(4,'sample2','12345678','익명_5299945d','123@123','2025-04-16 11:45:25','USER',NULL,NULL),(5,'sample111','$2a$10$o7eElYgk8sSq1akT0kST1OjVUAy4JN4RBOh66mLNrZkyf/jPUYmBW','user1','1234@12345','2025-04-16 12:28:36','USER',NULL,NULL),(6,'admin','$2a$10$lNimO5aYxsdWJC2PKgBLr.lTtROGup2g3vvs9XqmFT8igC7bpTUKq','admin','jaewon846@gmail.com','2025-04-16 14:35:52','ADMIN','6392567647E6DC149437DD0A453315AF','2025-05-02 19:24:39'),(7,'sampleformail','$2a$10$EpdklPMVhdaCnFItak24/u4LXk4I74GW8f7YJNN3t2bWdnDLdfPUi','이메일 테스트 계정','woodjoon98@gmail.com','2025-04-17 17:54:18','USER',NULL,NULL),(8,'12345','$2a$10$IHyL67R5azOUuWk5DcBY1.FiPl4R1tLACoVPbhpipRSGjRYIWfrTe','익명_8bcf3377936e','woodjoon98@gmail.com','2025-04-18 10:15:29','USER',NULL,NULL),(9,'12345678','$2a$10$asJ7tWnJssSypQY9CyleOOyXsznx4nMyvGH9EmHS/.KohgI5x30Xi','익명_b3ad2468b6b2','123@1234','2025-04-18 16:32:46','USER',NULL,NULL);
/*!40000 ALTER TABLE `user` ENABLE KEYS */;
UNLOCK TABLES;

--
-- Dumping routines for database 'riot'
--
/*!40103 SET TIME_ZONE=@OLD_TIME_ZONE */;

/*!40101 SET SQL_MODE=@OLD_SQL_MODE */;
/*!40014 SET FOREIGN_KEY_CHECKS=@OLD_FOREIGN_KEY_CHECKS */;
/*!40014 SET UNIQUE_CHECKS=@OLD_UNIQUE_CHECKS */;
/*!40101 SET CHARACTER_SET_CLIENT=@OLD_CHARACTER_SET_CLIENT */;
/*!40101 SET CHARACTER_SET_RESULTS=@OLD_CHARACTER_SET_RESULTS */;
/*!40101 SET COLLATION_CONNECTION=@OLD_COLLATION_CONNECTION */;
/*!40111 SET SQL_NOTES=@OLD_SQL_NOTES */;

-- Dump completed on 2025-04-25 20:16:14
